"","egr1_rep1","egr1_rep2","WT_rep1","WT_rep2","WT_rep3"
"Astro",0.275339955375337,0.282822026331378,0.236770081170037,0.245453781612759,0.264797498967042
"Excitatory",0.311254637684321,0.301101423535334,0.375055105871559,0.417912704200821,0.387389473361839
"OPC",0.046655841547659,0.0508120699351115,0.0380168269704418,0.0364548423439856,0.0300180619196512
"Inhibitory",0.161545735319298,0.163632750650334,0.165379856258285,0.16377429653396,0.175288461491537
"Oligo",0.11799598388328,0.114519966429888,0.11995520647196,0.0768767160972957,0.070331041213668
"Endo",0.0312009181146662,0.0345879771304993,0.0277053071232552,0.0199312942437524,0.0346614185079815
"Microglia",0.0260177782056541,0.0237031760798427,0.0211023540566894,0.0241219588151241,0.0251246958944367
"NF",0.0299891498697848,0.0288206099076121,0.0160152620777735,0.0154744061523014,0.0123893486438443
